# During conference, redirect conference page to home page
/2020-conference /

# Redirect requests for the blog to the new blog domain
/blog   https://blog.radicalxchange.org/
/blog/* https://blog.radicalxchange.org/blog/:splat

# Redirect requests for content under construction
/rxc-events /under-construction
/pt /under-construction
/pt/* /under-construction

# Legacy redirects to help keep content alive
/2020-annual-conference /2020-conference
/wp-content/uploads/2020/04/RoadmapToPandemicResilience.pdf /files/RoadmapToPandemicResilience.pdf
/wp-content/uploads/2020/03/RxC-Radically-Rethinking-Public-Purchasing.pdf /files/RxC-Radically-Rethinking-Public-Purchasing.pdf
/wp-content/uploads/2020/03/DFA.pdf /files/DFA.pdf
/wp-content/uploads/2020/03/RxC-2020-Sponsorship.pdf /files/RxC-2020-Sponsorship.pdf
/wp-content/uploads/2020/02/The_Handbook_for_Radical_Local_Democracy.pdf /files/The_Handbook_for_Radical_Local_Democracy.pdf
/wp-content/uploads/2020/02/RXC-Chapter-Meetup-Guidelines-July-2019.pdf /files/RXC-Chapter-Meetup-Guidelines-July-2019.pdf
/wp-content/uploads/2020/02/Privacy-Policy.docx /files/Privacy-Policy.docx